序号,号码,使用平台,注册状态,注册平台,关联号码包,入库时间
1,"12345678989@gmail.com
",,否,,testa12,2021-10-09
2,"12345678923@gmail.com
",,否,,testa12,2021-10-09
3,"12345678945@gmail.com
",,否,,testa12,2021-10-09
4,"12345678978@gmail.com
",,否,,testa12,2021-10-09
5,"12345678912@gmail.com
",,否,,testa12,2021-10-09
6,"12345678934@gmail.com
",,否,,testa12,2021-10-09
7,"12345678956@gmail.com
",,否,,testa12,2021-10-09
8,"12345678967@gmail.com
",,否,,testa12,2021-10-09
9,"12345678990@gmail.com
",,否,,testa12,2021-10-09
10,"12345678901@gmail.com
",,否,,testa12,2021-10-09
